index,starting_county,ending_county
0,Carter County,Carter County
1,Washington County,Washington County
2,Washington County,Washington County
3,Unicoi County,Unicoi County
4,Greene County,Greene County
5,Greene County,Washington County
6,Jefferson County,Cocke County
7,Cocke County,Cocke County
8,Cocke County,Cocke County
9,Greene County,Greene County
10,Greene County,Washington County
11,Johnson County,Johnson County
12,Greene County,Washington County
13,Washington County,Washington County
14,Hawkins County,Hawkins County
15,Cocke County,
16,Greene County,Greene County
17,Washington County,Washington County
18,Sullivan County,Sullivan County
19,Carter County,Carter County
20,Cocke County,Cocke County
21,Washington County,Washington County
22,Hancock County,Hancock County
23,Hawkins County,Hawkins County
24,Unicoi County,Unicoi County
25,Greene County,
26,Greene County,Greene County
27,Greene County,
28,Cocke County,
29,Carter County,Johnson County
30,Hawkins County,
31,Sullivan County,Bristol
32,Greene County,
33,Carter County,
34,Greene County,
35,Cocke County,
36,Bradley County,McMinn County
37,McMinn County,McMinn County
38,Meigs County,Meigs County
39,Monroe County,Monroe County
40,Monroe County,Monroe County
41,Monroe County,Blount County
42,McMinn County,McMinn County
43,Bradley County,Bradley County
44,Loudon County,Loudon County
45,Blount County,Blount County
46,Jefferson County,Jefferson County
47,Knox County,Knox County
48,Sevier County,Sevier County
49,Jefferson County,Jefferson County
50,Monroe County,Monroe County
51,Monroe County,Monroe County
52,Monroe County,Monroe County
53,Jefferson County,Jefferson County
54,McMinn County,Monroe County
55,Rhea County,Rhea County
56,Sevier County,Jefferson County
57,Monroe County,Blount County
58,Blount County,Blount County
59,Sequatchie County,Rhea County
60,Sequatchie County,Sequatchie County
61,Knox County,Knox County
62,Hamblen County,Hamblen County
63,Roane County,Roane County
64,Anderson County,Anderson County
65,Knox County,Knox County
66,Cumberland County,Cumberland County
67,Blount County,Blount County
68,Blount County,Blount County
69,Hamilton County,McMinn County
70,Monroe County,Monroe County
71,Rhea County,Rhea County
72,Jackson County,Overton County
73,Overton County,Overton County
74,Fentress County,Fentress County
75,Claiborne County,Claiborne County
76,Claiborne County,Lee County
77,Knox County,Knox County
78,Knox County,Knox County
79,Jefferson County,Jefferson County
80,Sevier County,Sevier County
81,Hamilton County,Hamilton County
82,Bradley County,Bradley County
83,Polk County,Polk County
84,Jefferson County,Jefferson County
85,Pickett County,Pickett County
86,Pickett County,Pickett County
87,Bradley County,Bradley County
88,Bradley County,Bradley County
89,Polk County,Cherokee County
90,Scott County,Scott County
91,Claiborne County,Claiborne County
92,Knox County,Knox County
93,Fentress County,Fentress County
94,Sequatchie County,Sequatchie County
95,Putnam County,Cumberland County
96,Sequatchie County,Sequatchie County
97,Sequatchie County,Sequatchie County
98,Hamilton County,Hamilton County
99,Blount County,Blount County
100,Cumberland County,Cumberland County
101,McMinn County,McMinn County
102,Fentress County,Fentress County
103,Scott County,Scott County
104,Union County,Union County
105,Claiborne County,Claiborne County
106,Grainger County,Grainger County
107,Knox County,Knox County
108,Knox County,Knox County
109,Hancock County,Hancock County
110,Hamilton County,
111,Cumberland County,Cumberland County
112,McMinn County,McMinn County
113,McMinn County,McMinn County
114,Grainger County,
115,Overton County,Overton County
116,Monroe County,Blount County
117,Union County,Union County
118,Polk County,Polk County
119,Roane County,
120,McMinn County,McMinn County
121,Bradley County,Bradley County
122,Hamilton County,Hamilton County
123,Bradley County,Bradley County
124,Bradley County,Bradley County
125,Loudon County,Blount County
126,Marion County,Marion County
127,Hamilton County,Hamilton County
128,Morgan County,Morgan County
129,Scott County,Scott County
130,Blount County,
131,Hamilton County,Hamilton County
132,Scott County,Scott County
133,Hamilton County,Hamilton County
134,Loudon County,Blount County
135,Cumberland County,Cumberland County
136,Morgan County,Morgan County
137,Cumberland County,Cumberland County
138,McMinn County,McMinn County
139,Anderson County,Anderson County
140,Van Buren County,Van Buren County
141,Van Buren County,Bledsoe County
142,Cumberland County,Cumberland County
143,Bradley County,Bradley County
144,Cumberland County,Cumberland County
145,Monroe County,Monroe County
146,Fentress County,Fentress County
147,Hamilton County,
148,Overton County,Overton County
149,Hamilton County,Meigs County
150,Cumberland County,Cumberland County
151,Anderson County,
152,Anderson County,Knox County
153,Roane County,Blount County
154,Claiborne County,Claiborne County
155,Cumberland County,Cumberland County
156,McMinn County,McMinn County
157,Cumberland County,Cumberland County
158,Roane County,Roane County
159,Anderson County,
160,McMinn County,Monroe County
161,Meigs County,Meigs County
162,Fentress County,
163,Claiborne County,Claiborne County
164,Sequatchie County,
165,Morgan County,
166,Jefferson County,
167,Monroe County,
168,Bradley County,McMinn County
169,Overton County,
170,Polk County,
171,Polk County,
172,Fentress County,Fentress County
173,Cumberland County,Cumberland County
174,Bledsoe County,Van Buren County
175,Bradley County,McMinn County
176,Knox County,
177,Hamilton County,Hamilton County
178,Knox County,Knox County
179,Knox County,
180,Rhea County,Rhea County
181,Hamilton County,Hamilton County
182,Morgan County,Campbell County
183,Hamilton County,Hamilton County
184,Cumberland County,Cumberland County
185,Hamilton County,Hamilton County
186,Hamilton County,Hamilton County
187,Hamilton County,Hamilton County
188,Putnam County,Overton County
189,Pickett County,
190,Hamilton County,Bradley County
191,Fentress County,
192,Bradley County,Polk County
193,Hamilton County,McMinn County
194,Bradley County,Bradley County
195,McMinn County,
196,Sequatchie County,Bledsoe County
197,Bradley County,Bradley County
198,Blount County,
199,Monroe County,Monroe County
200,White County,
201,Bledsoe County,
202,Fentress County,
203,Monroe County,Monroe County
204,Overton County,Overton County
205,Hamilton County,Hamilton County
206,Hamilton County,Hamilton County
207,McMinn County,McMinn County
208,Sequatchie County,
209,Hamilton County,
210,Hamilton County,Hamilton County
211,Hamilton County,Hamilton County
212,Hamilton County,Hamilton County
213,Putnam County,
214,Hamilton County,
215,McMinn County,
216,Hamilton County,Meigs County
217,Bradley County,Bradley County
218,Cumberland County,Cumberland County
219,Morgan County,
220,Van Buren County,
221,Cumberland County,
222,Knox County,
223,Loudon County,
224,Loudon County,Loudon County
225,Cumberland County,Cumberland County
226,Monroe County,
227,Overton County,Overton County
228,Fentress County,Fentress County
229,Scott County,Scott County
230,Hamilton County,
231,Bradley County,McMinn County
232,Bradley County,Bradley County
233,Morgan County,Fentress County
234,Fentress County,
235,Cumberland County,
236,Blount County,
237,Bledsoe County,
238,Overton County,
239,Grainger County,
240,Cumberland County,
241,Putnam County,
242,Fentress County,
243,Loudon County,
244,Fentress County,McCreary County
245,Overton County,Overton County
246,Polk County,
247,White County,Overton County
248,Pickett County,Wayne County
249,Fentress County,Fentress County
250,Overton County,Overton County
251,White County,Putnam County
252,Morgan County,Scott County
253,Scott County,Scott County
254,White County,Cumberland County
255,Knox County,
256,Anderson County,Union County
257,Jefferson County,Jefferson County
258,McMinn County,
259,Monroe County,Monroe County
260,Blount County,
261,Cumberland County,
262,Cumberland County,Cumberland County
263,Bradley County,Bradley County
264,McMinn County,McMinn County
265,Bledsoe County,
266,Overton County,Overton County
267,White County,White County
268,Jackson County,Jackson County
269,Warren County,Warren County
270,Marion County,Marion County
271,Grundy County,Grundy County
272,Rutherford County,Rutherford County
273,Franklin County,Franklin County
274,Davidson County,Davidson County
275,Williamson County,Rutherford County
276,Sumner County,Sumner County
277,DeKalb County,DeKalb County
278,Rutherford County,Rutherford County
279,Rutherford County,Rutherford County
280,Cannon County,Cannon County
281,Coffee County,Coffee County
282,Coffee County,Coffee County
283,Sumner County,
284,Warren County,Warren County
285,Sumner County,Sumner County
286,Sumner County,
287,Warren County,Warren County
288,Robertson County,Davidson County
289,Lincoln County,Lincoln County
290,Marion County,Marion County
291,Rutherford County,Rutherford County
292,Marion County,Marion County
293,Franklin County,Grundy County
294,Marion County,Marion County
295,Macon County,Macon County
296,Davidson County,Davidson County
297,DeKalb County,White County
298,Sumner County,Sumner County
299,White County,White County
300,Marion County,Marion County
301,Davidson County,Davidson County
302,Moore County,Moore County
303,Lincoln County,Lincoln County
304,Davidson County,Wilson County
305,Marion County,Marion County
306,Wilson County,Wilson County
307,White County,
308,Jackson County,Jackson County
309,Franklin County,Moore County
310,Wilson County,
311,Marion County,Marion County
312,Bedford County,Bedford County
313,White County,White County
314,Bedford County,Bedford County
315,Wilson County,Wilson County
316,Rutherford County,Rutherford County
317,Smith County,Smith County
318,Wilson County,DeKalb County
319,Rutherford County,Rutherford County
320,Robertson County,Robertson County
321,Davidson County,
322,Williamson County,Rutherford County
323,Davidson County,Sumner County
324,Davidson County,Davidson County
325,Robertson County,Sumner County
326,Macon County,
327,Williamson County,Williamson County
328,Sumner County,Sumner County
329,Wilson County,Wilson County
330,Sumner County,
331,Sumner County,Sumner County
332,Sumner County,Trousdale County
333,Lincoln County,Lincoln County
334,Wilson County,Trousdale County
335,Williamson County,Rutherford County
336,Macon County,Macon County
337,Macon County,Macon County
338,Cannon County,Cannon County
339,Lincoln County,Lincoln County
340,Coffee County,Coffee County
341,Bedford County,Bedford County
342,Rutherford County,Rutherford County
343,Lincoln County,Lincoln County
344,Lincoln County,Moore County
345,Lincoln County,
346,Davidson County,Davidson County
347,Wilson County,Wilson County
348,Davidson County,Davidson County
349,Wilson County,Smith County
350,Marshall County,Bedford County
351,Rutherford County,Wilson County
352,Marshall County,Bedford County
353,Cannon County,DeKalb County
354,Lincoln County,Franklin County
355,Jackson County,Overton County
356,Franklin County,Coffee County
357,Grundy County,Warren County
358,Giles County,Bedford County
359,Coffee County,Coffee County
360,Warren County,Warren County
361,Grundy County,Grundy County
362,Franklin County,Franklin County
363,Rutherford County,Rutherford County
364,Sumner County,
365,Lincoln County,Moore County
366,Franklin County,Franklin County
367,Marion County,
368,Marshall County,Rutherford County
369,Franklin County,Franklin County
370,Franklin County,Franklin County
371,Rutherford County,Rutherford County
372,Rutherford County,Rutherford County
373,Moore County,Coffee County
374,Marion County,Marion County
375,Smith County,Smith County
376,Coffee County,Coffee County
377,Marion County,
378,Robertson County,Robertson County
379,Sumner County,Sumner County
380,Lincoln County,Lincoln County
381,Putnam County,
382,Davidson County,Sumner County
383,Macon County,
384,Rutherford County,Rutherford County
385,Warren County,Warren County
386,Wilson County,Wilson County
387,Sumner County,Sumner County
388,Bedford County,Coffee County
389,Marion County,
390,Coffee County,
391,Macon County,
392,Lincoln County,Lincoln County
393,Marshall County,
394,Lincoln County,Lincoln County
395,Wilson County,Wilson County
396,Williamson County,Williamson County
397,Franklin County,Franklin County
398,Franklin County,Franklin County
399,Franklin County,Franklin County
400,Franklin County,Franklin County
401,Rutherford County,Rutherford County
402,Jackson County,
403,Marshall County,Marshall County
404,Lincoln County,Lincoln County
405,Wilson County,Wilson County
406,Bedford County,Bedford County
407,Rutherford County,Rutherford County
408,Rutherford County,Rutherford County
409,DeKalb County,Smith County
410,Marshall County,
411,Franklin County,
412,Rutherford County,
413,Smith County,Smith County
414,Franklin County,
415,Cannon County,Cannon County
416,Sumner County,Sumner County
417,Sumner County,
418,Wilson County,
419,Putnam County,Putnam County
420,DeKalb County,DeKalb County
421,Putnam County,Putnam County
422,Warren County,
423,Lincoln County,
424,Sumner County,Wilson County
425,Marion County,
426,DeKalb County,
427,Robertson County,
428,Sumner County,
429,Marion County,
430,White County,
431,Lincoln County,Lincoln County
432,Sumner County,
433,Sumner County,
434,Coffee County,Coffee County
435,Macon County,
436,Rutherford County,
437,DeKalb County,
438,Marshall County,
439,Rutherford County,
440,Sumner County,
441,Marshall County,
442,Wilson County,
443,Bedford County,Coffee County
444,Williamson County,Rutherford County
445,Rutherford County,Wilson County
446,Sumner County,Sumner County
447,Coffee County,Coffee County
448,Sumner County,Sumner County
449,Marshall County,
450,Sumner County,Sumner County
451,Lincoln County,
452,Smith County,Smith County
453,Coffee County,Coffee County
454,Marion County,
455,Grundy County,Sequatchie County
456,Wilson County,
457,Sumner County,
458,Franklin County,Franklin County
459,Jackson County,Clay County
460,Coffee County,Coffee County
461,Coffee County,
462,Macon County,Macon County
463,Davidson County,Trousdale County
464,Wilson County,Wilson County
465,Lincoln County,Lincoln County
466,Davidson County,Wilson County
467,Grundy County,Grundy County
468,Williamson County,
469,Putnam County,Putnam County
470,Davidson County,Davidson County
471,Rutherford County,Rutherford County
472,Davidson County,Davidson County
473,Davidson County,Davidson County
474,Davidson County,Davidson County
475,Sumner County,Sumner County
476,Rutherford County,Rutherford County
477,Davidson County,Davidson County
478,Rutherford County,Rutherford County
479,Davidson County,Wilson County
480,Bedford County,Bedford County
481,Trousdale County,Trousdale County
482,Davidson County,Davidson County
483,Davidson County,Davidson County
484,Rutherford County,Rutherford County
485,Moore County,Franklin County
486,Davidson County,Davidson County
487,Bedford County,Bedford County
488,Warren County,
489,Moore County,Moore County
490,Lincoln County,
491,Lincoln County,Lincoln County
492,Lincoln County,Lincoln County
493,Williamson County,Williamson County
494,Franklin County,Franklin County
495,Rutherford County,Rutherford County
496,Wilson County,Wilson County
497,Grundy County,Grundy County
498,Marshall County,
499,Lincoln County,
500,Rutherford County,Wilson County
501,Warren County,
502,Rutherford County,
503,Warren County,Warren County
504,Rutherford County,Rutherford County
505,Smith County,
506,Marion County,Marion County
507,Coffee County,Coffee County
508,Davidson County,
509,Robertson County,Sumner County
510,Warren County,
511,Sumner County,Sumner County
512,Rutherford County,Rutherford County
513,Lincoln County,
514,Cannon County,Cannon County
515,Davidson County,Sumner County
516,Cannon County,Warren County
517,Moore County,Lincoln County
518,Sumner County,Sumner County
519,Warren County,Warren County
520,Coffee County,Coffee County
521,Lincoln County,Lincoln County
522,Bedford County,Coffee County
523,Bedford County,Bedford County
524,Coffee County,Coffee County
525,Lincoln County,Lincoln County
526,Grundy County,
527,Davidson County,Davidson County
528,Putnam County,Overton County
529,Robertson County,Sumner County
530,Warren County,Warren County
531,Smith County,
532,Warren County,
533,Wilson County,
534,White County,White County
535,Wilson County,
536,Madison County,Madison County
537,White County,
538,Davidson County,Davidson County
539,Rutherford County,Rutherford County
540,Cannon County,Cannon County
541,Sumner County,Sumner County
542,Lincoln County,Lincoln County
543,Rutherford County,
544,Cannon County,Warren County
545,Putnam County,Putnam County
546,White County,White County
547,Sumner County,Sumner County
548,Lincoln County,Lincoln County
549,Marion County,Marion County
550,Sumner County,
551,Rutherford County,
552,Wilson County,
553,Davidson County,Davidson County
554,Trousdale County,
555,Wilson County,
556,Rutherford County,
557,Coffee County,Warren County
558,Trousdale County,Trousdale County
559,Lincoln County,
560,Franklin County,
561,Coffee County,
562,DeKalb County,
563,Smith County,Jackson County
564,Davidson County,Davidson County
565,Wilson County,Wilson County
566,Williamson County,Williamson County
567,Smith County,Smith County
568,Sumner County,Sumner County
569,Rutherford County,Rutherford County
570,Franklin County,Franklin County
571,Sumner County,Cumberland County
572,Sumner County,Sumner County
573,Sumner County,Sumner County
574,Bedford County,Bedford County
575,Coffee County,Coffee County
576,Warren County,Warren County
577,Marshall County,Marshall County
578,Robertson County,
579,Warren County,Warren County
580,Cheatham County,Sumner County
581,Wilson County,DeKalb County
582,Maury County,Marshall County
583,Montgomery County,Montgomery County
584,Robertson County,Robertson County
585,Lawrence County,Lawrence County
586,Dickson County,Dickson County
587,Montgomery County,Montgomery County
588,Montgomery County,Robertson County
589,Humphreys County,Humphreys County
590,Cheatham County,Cheatham County
591,Hardin County,Maury County
592,Benton County,Benton County
593,Stewart County,Stewart County
594,Montgomery County,Montgomery County
595,Robertson County,Robertson County
596,Benton County,Benton County
597,Montgomery County,Montgomery County
598,Humphreys County,Humphreys County
599,Stewart County,Stewart County
600,Montgomery County,Montgomery County
601,Perry County,Perry County
602,Lawrence County,Lawrence County
603,Stewart County,Stewart County
604,Benton County,Decatur County
605,Hickman County,Hickman County
606,Maury County,Maury County
607,Maury County,Maury County
608,Maury County,Maury County
609,Benton County,Benton County
610,Stewart County,Stewart County
611,Stewart County,Stewart County
612,Benton County,Benton County
613,Benton County,Houston County
614,Montgomery County,Montgomery County
615,Lawrence County,Lawrence County
616,Maury County,Maury County
617,Lawrence County,Lawrence County
618,Hardin County,Hardin County
619,Stewart County,Christian County
620,Henry County,Henry County
621,Maury County,Maury County
622,Humphreys County,Humphreys County
623,Montgomery County,Montgomery County
624,Montgomery County,Montgomery County
625,Robertson County,Robertson County
626,Henry County,Henry County
627,Hickman County,Hickman County
628,Henry County,Calloway County
629,Stewart County,Stewart County
630,Henderson County,Henderson County
631,Montgomery County,Cheatham County
632,Williamson County,Williamson County
633,Robertson County,Robertson County
634,Henry County,Henry County
635,Hickman County,Hickman County
636,Williamson County,Williamson County
637,Hardin County,Hardin County
638,Lawrence County,Lawrence County
639,Cheatham County,Cheatham County
640,Henry County,Henry County
641,Williamson County,Williamson County
642,Cheatham County,Cheatham County
643,Williamson County,Williamson County
644,Montgomery County,Montgomery County
645,Montgomery County,Montgomery County
646,Montgomery County,Montgomery County
647,Benton County,Benton County
648,Humphreys County,Humphreys County
649,Dickson County,Dickson County
650,Dickson County,Dickson County
651,Giles County,Giles County
652,Wayne County,Wayne County
653,Robertson County,Robertson County
654,Davidson County,Davidson County
655,Maury County,Maury County
656,Williamson County,Williamson County
657,Benton County,Benton County
658,Lauderdale County,Lawrence County
659,Benton County,Benton County
660,Benton County,Benton County
661,Humphreys County,Humphreys County
662,Humphreys County,Humphreys County
663,Dickson County,Cheatham County
664,Humphreys County,Humphreys County
665,Henderson County,Carroll County
666,Hickman County,Hickman County
667,Henderson County,Henderson County
668,Wayne County,Lewis County
669,Benton County,Benton County
670,Humphreys County,Humphreys County
671,Dickson County,Cheatham County
672,Cheatham County,Cheatham County
673,Robertson County,Robertson County
674,Lewis County,Lewis County
675,Davidson County,Davidson County
676,Williamson County,Williamson County
677,Humphreys County,Dickson County
678,Maury County,Maury County
679,Montgomery County,Montgomery County
680,Henry County,Henry County
681,Stewart County,Stewart County
682,Benton County,Benton County
683,Benton County,Benton County
684,Wayne County,Lawrence County
685,Houston County,Houston County
686,Houston County,Houston County
687,Houston County,Houston County
688,Montgomery County,Montgomery County
689,Hardin County,Hardin County
690,Montgomery County,Montgomery County
691,Montgomery County,Montgomery County
692,Montgomery County,Montgomery County
693,Lawrence County,Lawrence County
694,Giles County,Giles County
695,Lawrence County,Giles County
696,Robertson County,Robertson County
697,Henry County,Henry County
698,Hardin County,Wayne County
699,Decatur County,
700,Montgomery County,
701,Dickson County,
702,Stewart County,
703,Stewart County,
704,Maury County,
705,Cheatham County,Cheatham County
706,Giles County,
707,Lawrence County,
708,Benton County,Benton County
709,Giles County,Maury County
710,Humphreys County,Humphreys County
711,Giles County,Giles County
712,Humphreys County,Houston County
713,Montgomery County,
714,Williamson County,
715,Maury County,
716,Lewis County,Lawrence County
717,Giles County,Giles County
718,Henderson County,Henderson County
719,Williamson County,
720,Cheatham County,
721,Robertson County,Robertson County
722,Williamson County,
723,Stewart County,
724,Wayne County,Wayne County
725,Decatur County,Humphreys County
726,Hickman County,Hickman County
727,Lawrence County,Lawrence County
728,Henderson County,Decatur County
729,Perry County,Perry County
730,Hickman County,Hickman County
731,Hickman County,Hickman County
732,Hickman County,Hickman County
733,Montgomery County,
734,Carroll County,Carroll County
735,Lawrence County,Lincoln County
736,Giles County,Giles County
737,Henderson County,Decatur County
738,Lawrence County,
739,Gibson County,Humphreys County
740,Humphreys County,Humphreys County
741,Benton County,Benton County
742,Lawrence County,
743,Dickson County,Dickson County
744,Carroll County,Benton County
745,Benton County,Houston County
746,Cheatham County,Cheatham County
747,Wayne County,Hickman County
748,Montgomery County,
749,Henry County,Henry County
750,Wayne County,Perry County
751,Hickman County,Williamson County
752,Cheatham County,Davidson County
753,Perry County,
754,Hickman County,
755,Dickson County,
756,Williamson County,
757,Davidson County,
758,Williamson County,Williamson County
759,Dickson County,Dickson County
760,Lawrence County,Lawrence County
761,Giles County,Giles County
762,Marshall County,
763,Montgomery County,Montgomery County
764,Benton County,Benton County
765,Giles County,
766,Hardin County,
767,Benton County,
768,Wayne County,
769,Davidson County,
770,Lewis County,Lewis County
771,Carroll County,Benton County
772,Hickman County,
773,Hickman County,
774,Dickson County,
775,Humphreys County,
776,Robertson County,Robertson County
777,Lewis County,
778,Maury County,Maury County
779,Hardin County,
780,Giles County,
781,Lawrence County,
782,Lawrence County,Giles County
783,Lawrence County,Lawrence County
784,Lawrence County,
785,Hardin County,Lauderdale County
786,Lawrence County,Giles County
787,Wayne County,Lewis County
788,Giles County,Giles County
789,Hardin County,
790,Stewart County,
791,Montgomery County,
792,Dickson County,
793,Montgomery County,
794,Lawrence County,
795,Hardin County,
796,Hardin County,
797,Wayne County,
798,Lawrence County,
799,Lauderdale County,Giles County
800,Giles County,Giles County
801,Montgomery County,
802,Robertson County,
803,Dickson County,
804,Lawrence County,Lawrence County
805,Lawrence County,Lawrence County
806,Lawrence County,Marshall County
807,Marshall County,Marshall County
808,Humphreys County,
809,Humphreys County,
810,Montgomery County,Montgomery County
811,Lawrence County,Lawrence County
812,Lewis County,Lewis County
813,Wayne County,Lawrence County
814,Hardin County,Hardin County
815,Montgomery County,Christian County
816,Giles County,
817,Humphreys County,
818,Maury County,Williamson County
819,Lawrence County,Lawrence County
820,Dickson County,
821,Wayne County,Lawrence County
822,Gibson County,
823,Lauderdale County,
824,Dyer County,
825,Crockett County,Gibson County
826,Madison County,
827,Obion County,
828,Hardeman County,Hardeman County
829,Madison County,
830,McNairy County,
831,McNairy County,McNairy County
832,McNairy County,McNairy County
833,Madison County,
834,Gibson County,Gibson County
835,Madison County,
836,Henderson County,
837,Dyer County,
838,Hardeman County,
839,Haywood County,Madison County
840,Hardeman County,Hardeman County
841,Dyer County,Dyer County
842,Obion County,Weakley County
843,Obion County,
844,Hardeman County,
845,Fayette County,
846,Weakley County,
847,Hardeman County,
848,Gibson County,
849,Gibson County,Gibson County
850,Madison County,
851,Fayette County,
852,Carroll County,
853,Haywood County,
854,Weakley County,
855,Hardeman County,
856,Carroll County,
857,Fayette County,
858,Fayette County,
859,Henry County,
860,Lauderdale County,Crockett County
861,Weakley County,Weakley County
862,Henderson County,
863,Lake County,
864,Haywood County,Haywood County
865,Chester County,
866,Gibson County,Gibson County
867,Henry County,
868,Lake County,Fulton County
869,Fayette County,
870,Hardeman County,Chester County
871,Henderson County,
872,Haywood County,Haywood County
873,Fayette County,Benton County
874,Gibson County,
875,Gibson County,Gibson County
876,Carroll County,
877,Fayette County,Fayette County
878,Dyer County,Dyer County
879,Weakley County,
880,Madison County,Henderson County
881,Hardeman County,Madison County
882,Weakley County,Graves County
883,Dyer County,Dyer County
884,Gibson County,Carroll County
885,Gibson County,Gibson County
886,Fayette County,Fayette County
887,Haywood County,Haywood County
888,Henderson County,Carroll County
889,Hardeman County,Hardeman County
890,Chester County,Chester County
891,Dyer County,Dyer County
892,Henry County,Henry County
893,Madison County,Madison County
894,Dyer County,
895,Chester County,Chester County
896,Madison County,Madison County
897,Lake County,Lake County
898,Obion County,Obion County
899,Fayette County,
900,Haywood County,
901,Crockett County,Gibson County
902,Carroll County,
903,Fayette County,
904,Gibson County,Weakley County
905,Lauderdale County,Dyer County
906,Lauderdale County,Lauderdale County
907,Gibson County,Gibson County
908,Tipton County,Tipton County
909,Hardeman County,
910,Tipton County,Tipton County
911,Tipton County,Tipton County
912,Weakley County,Henry County
913,Fayette County,Madison County
914,Madison County,Madison County
915,McNairy County,McNairy County
916,Weakley County,
917,Tipton County,Haywood County
918,Madison County,Madison County
919,Fayette County,Fayette County
920,Obion County,Obion County
921,Madison County,Henderson County
922,McNairy County,McNairy County
923,Crockett County,Crockett County
924,Gibson County,Gibson County
925,Carroll County,Carroll County
926,Dyer County,Dyer County
927,Dyer County,Gibson County
928,Madison County,
929,McNairy County,McNairy County
930,Haywood County,Haywood County
931,Madison County,Madison County
932,Weakley County,
933,Crockett County,Crockett County
934,Dyer County,
935,Crockett County,
936,Dyer County,Dyer County
937,Crockett County,Crockett County
938,Chester County,Chester County
939,Lauderdale County,Lauderdale County
940,Henderson County,Henderson County
941,McNairy County,McNairy County
942,Dyer County,Dyer County
943,Dyer County,Dyer County
944,Crockett County,Crockett County
945,Gibson County,Gibson County
946,McNairy County,McNairy County
947,McNairy County,Hardin County
948,Fayette County,Fayette County
949,Lauderdale County,Lauderdale County
950,Crockett County,Crockett County
951,Hardeman County,Madison County
952,Madison County,Madison County
953,Hardeman County,Hardeman County
954,Carroll County,Carroll County
955,Lake County,Lake County
956,Lake County,Lake County
957,Chester County,Chester County
958,Hardeman County,Hardeman County
959,Gibson County,
960,Hardeman County,
961,Crockett County,Crockett County
962,Carroll County,
963,Weakley County,
964,Lake County,
965,Carroll County,Carroll County
966,Dyer County,
967,Lauderdale County,
968,Madison County,Madison County
969,Carroll County,Carroll County
970,Madison County,Madison County
971,Gibson County,Dyer County
972,Dyer County,
973,Dyer County,Dyer County
974,Gibson County,
975,Dyer County,Dyer County
976,Carroll County,
977,Carroll County,
978,Hardeman County,Henderson County
979,Dyer County,Dyer County
980,Gibson County,Gibson County
981,Haywood County,Haywood County
982,Dyer County,Dyer County
983,Weakley County,Weakley County
984,Chester County,Henderson County
985,Chester County,Chester County
986,Dyer County,
987,Lauderdale County,
988,Madison County,Madison County
989,Dyer County,Gibson County
990,Gibson County,Gibson County
991,Dyer County,Dyer County
992,Chester County,Chester County
993,Weakley County,
994,Dyer County,Dyer County
995,Haywood County,
996,Henderson County,
997,Madison County,
998,Weakley County,
999,Crockett County,Crockett County
1000,Obion County,Obion County
1001,Fayette County,
1002,Lauderdale County,Dyer County
1003,Gibson County,
1004,Weakley County,
1005,Weakley County,Weakley County
1006,Henderson County,Henderson County
1007,Madison County,Henderson County
1008,Madison County,Henderson County
1009,Obion County,Hickman County
1010,Carroll County,Carroll County
1011,Obion County,
1012,Weakley County,
1013,McNairy County,McNairy County
1014,Gibson County,Gibson County
1015,Madison County,Madison County
1016,Madison County,
1017,Gibson County,Gibson County
1018,Henderson County,
1019,McNairy County,McNairy County
1020,Lauderdale County,
1021,Dyer County,
1022,Madison County,
1023,Weakley County,
1024,Weakley County,
1025,McNairy County,
1026,Madison County,
1027,Tipton County,
1028,McNairy County,
1029,Gibson County,
1030,Gibson County,
1031,Gibson County,
1032,Weakley County,Weakley County
1033,Fayette County,Fayette County
1034,Madison County,Madison County
1035,Lauderdale County,
1036,McNairy County,Hardin County
1037,Lauderdale County,Lauderdale County
1038,Fayette County,
1039,Graves County,Graves County
1040,Tipton County,Mississippi County
1041,Shelby County,Shelby County
1042,Tipton County,
1043,Tipton County,Tipton County
1044,Tipton County,
1045,Lauderdale County,Lauderdale County
1046,Tipton County,Tipton County
1047,Shelby County,
1048,Tipton County,
1049,Lauderdale County,Lauderdale County
1050,Shelby County,
1051,New Madrid County,
1052,Shelby County,
1053,Shelby County,Shelby County
1054,Shelby County,Lauderdale County
1055,Shelby County,Shelby County
1056,Shelby County,
1057,Shelby County,
1058,Tipton County,
1059,Shelby County,
1060,Shelby County,
1061,Shelby County,
1062,Shelby County,
1063,Shelby County,
1064,Shelby County,Shelby County
1065,Lauderdale County,
1066,Tipton County,
1067,Shelby County,
1068,Shelby County,Shelby County
1069,Crittenden County,Crittenden County
1070,Shelby County,
1071,Shelby County,
1072,Shelby County,Tipton County
1073,Shelby County,
1074,Shelby County,Shelby County
1075,Shelby County,Fayette County
1076,Shelby County,Shelby County
1077,Shelby County,
1078,Shelby County,
1079,Dyer County,Dyer County
1080,Shelby County,
1081,Shelby County,Tipton County
1082,Tipton County,Tipton County
1083,Lauderdale County,
1084,Shelby County,
1085,Shelby County,
1086,Shelby County,
1087,Shelby County,
1088,Tipton County,Lauderdale County
1089,Dyer County,Pemiscot County
1090,Lauderdale County,
1091,Shelby County,
1092,Shelby County,
1093,Shelby County,
1094,Shelby County,
1095,Shelby County,Shelby County
1096,Shelby County,
1097,Shelby County,Tipton County
1098,Shelby County,
1099,Tipton County,
1100,Dyer County,
1101,Shelby County,
1102,Lauderdale County,
1103,Shelby County,Shelby County
1104,Shelby County,Shelby County
1105,Shelby County,
1106,Shelby County,
1107,Shelby County,Shelby County
1108,Shelby County,
1109,Shelby County,
1110,Shelby County,Shelby County
1111,Shelby County,
1112,Tipton County,
1113,Tipton County,Tipton County